Creamery_ID,long,lat,GIS_ID
1,9.281579,57.004277,632
10,9.403267,56.5557,906
100,9.697185,56.85022,767
1001,12.22128985,55.5700196,94
1003,8.93794,55.93627,1277
1004,9.810201,56.14896,1115
1005,10.4166541,57.35553273,586
1006,10.00393,55.33917,419
1009,9.279504,55.424118,1357
1010,10.01408113,56.84451754,749
1011,9.52681819,56.05072665,1140
1012,9.809731,55.486791,475
1013,9.632263,56.589309,901
1014,11.56668905,55.83244189,1786
1015,8.864280559,56.65941842,915
1017,11.30207796,55.51903157,124
1018,10.101945,56.987417,721
1019,12.06955,55.92195,41
102,11.56486986,55.92255198,1792
1020,12.28107,55.84713,30
1021,11.6415288,54.7543701,403
1022,9.535803,55.515262,1563
1023,11.81594515,55.46853878,183
1024,10.160771,56.066698,1572
1025,12.21732842,55.99552872,1531
1026,10.59304702,56.50478538,945
1027,8.928327,55.75904,1404
1028,9.604921,55.556456,1196
1029,11.90219144,55.70887957,106
103,12.024133,54.994835,269
1030,10.5461508,55.11358711,534
1032,9.929513,55.774481,1181
1033,9.380514106,57.05049586,1680
1036,10.228687,55.974877,1065
1037,9.337982,56.770485,727
1038,9.057445,56.46763,820
1039,9.437226,56.29177,859
104,10.10683,57.313041,567
1040,8.387166,56.02625,1287
1042,10.028944,56.250349,1095
1043,11.5854242,55.45992887,177
1044,9.977876,55.712007,1179
1045,9.681913,56.287199,1564
1046,11.34614323,55.48309776,132
1048,9.488794648,55.93237136,1168
1051,11.28091593,55.40301537,208
1052,11.08936,54.93012,1829
1053,10.74096767,55.2820687,1748
1054,10.58672185,56.36134196,1696
1055,9.852892043,56.67221541,759
106,11.24086667,55.43682497,1836
1060,12.04175691,55.24522103,280
1061,9.908066895,56.35593113,970
1062,8.713056,55.39471,1365
1063,11.7444,55.38022,324
1064,10.368,55.57103,1761
1065,9.514010639,56.91932606,796
1066,10.20582,56.05764,1087
1067,10.3566711,54.86905299,1842
1068,10.32909,55.14128,508
1069,10.32065425,55.01152291,507
107,9.953129,56.11701,1061
1070,12.2384515,55.5800001,94
1071,10.23081,56.0311,1089
1073,11.2794,54.76071,1817
1075,9.646962401,55.80679243,1243
1076,11.23248733,54.86446658,1823
1079,10.9656854,55.7337585,117
108,9.149453,56.48103,808
1080,10.42373,55.16533,519
1081,10.19969,56.61978,980
1082,9.24806,55.54725,1352
1083,9.979539,56.65153,1009
1084,9.698057622,55.80363587,1204
1085,10.17364428,56.50688024,1693
1086,11.51174334,55.30536668,248
1088,11.52275,55.71397,1788
1089,11.67167097,55.65485584,137
109,11.35293,54.83971,1833
1090,9.651524,55.64066,1211
1091,10.41493,57.46895,605
1092,11.87411477,55.45774263,191
1093,8.441046,55.75724,1409
1094,10.54496,55.17291,535
1097,8.790704043,55.73014749,1418
1098,8.397633,56.55568,1326
1099,11.68667,55.35603,320
11,10.27908,55.51012,456
1101,11.38903499,55.55580944,130
1103,10.62906,55.42891,413
1104,8.796730235,56.77391789,688
1106,9.979078486,56.22064276,1099
1107,9.33377547,56.50745041,884
1109,11.52404409,55.35957837,244
111,9.845818,56.05228,1130
1110,8.273334,56.50308,1322
1111,8.443679,55.90333,1676
1112,10.23624087,57.14180858,1559
1114,9.6741,56.7548,795
1115,11.96238,55.64071,104
1116,11.95939,55.5597,111
1117,12.12663,55.78414,48
1119,9.103571,55.80398,1235
112,10.27756,55.53278,456
1120,11.39122229,55.72528066,1784
1121,11.79114987,55.60634754,0
1123,9.141424,55.91881,1228
1124,10.72459474,55.19596577,493
1125,9.895696,56.39012,869
1127,10.05587,55.98115,1076
1129,9.872673,56.3223,845
113,11.92777,54.7133,1813
1133,12.27284196,54.97811955,1798
1134,10.30088,57.41076,599
1135,11.52578702,55.94231473,1792
1136,11.77260065,55.39842179,200
1137,12.03581045,55.20400396,280
1139,9.472737567,56.30407309,861
1140,9.789657,57.14234,776
1141,9.315100939,55.67666931,1250
1142,9.635409,55.53167,1196
1143,8.397633,56.55568,1326
1144,8.664867483,55.77881639,1423
1146,10.35223,55.49026,439
1148,10.75363604,54.87268287,1743
1150,9.068682,56.6882,921
1151,12.32834424,55.34938082,311
1152,10.17624,57.4273,629
1153,10.11621087,56.53248065,1003
1154,9.015738,55.56608,1371
1155,9.579002,55.79272,1236
1156,9.69861,56.15183,1565
1157,10.16507,56.22121,1106
1158,8.803372,56.24404,1270
1159,14.83632,55.07397,342
116,10.49011734,54.96470044,532
1160,12.21661169,56.0867366,1532
1161,10.77926764,54.90647392,1740
1163,11.84902465,55.16489622,297
1165,10.37541,55.45311,1758
1166,10.36234,55.46195,1758
1167,11.87023782,55.10890329,290
1168,8.370598442,55.76195966,1410
1169,9.303663,55.48197,1356
117,8.538502081,55.79356799,1313
1170,11.5944601,55.31449382,240
1171,11.66945336,55.92474012,1790
1172,11.51138801,55.49185856,173
1173,8.358769,55.7964,1411
1175,10.04507118,56.13094645,1090
1176,8.760672505,56.0978341,1546
1177,9.776174,57.34276,578
1178,9.807752,57.15358,776
1179,10.29586,56.2785,1051
118,10.60898,54.90597,540
1180,10.36867429,56.3421138,1049
1181,11.56046,55.40049,175
1183,10.46631055,56.49862423,1041
1184,10.23564,56.23172,1104
1186,10.15490424,55.04447267,1736
1187,9.716956,57.36996,565
1188,9.797756,57.47414,622
1189,11.29146276,55.48515152,125
119,12.29353682,55.37473068,315
1190,10.41265,57.59395,1714
1191,10.7050521,54.84075437,1741
1192,10.6472481,55.8656495,1730
1193,12.01826624,54.86237824,353
1195,12.07443236,55.83194755,1795
1197,9.114034,55.73201,1403
1198,10.19088,56.03569,1089
1199,9.063570239,55.46122373,1373
12,9.301915,55.47639,1356
120,10.702,55.16171,491
1200,9.617549,56.40909,871
1201,9.980278216,56.65180716,1009
1202,10.12414851,56.82936119,739
1203,9.897296,56.14817,1063
1204,11.46706,55.69772,168
1205,9.831496,56.08784,1125
1206,10.51251,54.85491,560
1208,10.20003508,57.53969539,594
1209,9.738013508,55.73272609,1186
121,8.909812843,56.09264591,1553
1211,10.22742041,55.53055178,461
1212,9.74043124,57.00366383,769
1213,12.05781,55.05174,270
1214,10.65014,55.50248,1753
1216,10.75922179,54.93020396,1742
1217,11.51323,54.77606,395
1218,9.975808872,56.31558354,1100
1219,9.908013403,55.94939056,1154
1220,9.503068,56.61777,911
1222,10.22754,57.37713,589
1223,8.360147673,56.82168753,637
1224,10.2788746,57.50310982,600
1225,10.09585628,56.42657101,1030
1226,10.00028265,56.1429207,1056
1228,10.18019,56.43874,1026
1229,10.56273,55.45789,1750
123,10.22322626,55.94131777,1069
1230,9.183484087,56.22473389,860
1231,10.09292,57.54073,621
1232,10.16666,57.32232,567
1233,12.36381202,54.98873715,302
1234,11.69524,55.38325,327
1235,9.66548633,56.48809839,941
1236,11.73114276,55.92361309,1791
1237,12.14428902,55.51432693,97
1238,8.224327,56.39519,1324
1239,11.57651,55.7279,1781
124,8.593551255,56.88936019,647
1240,10.11680083,56.88583533,750
1241,9.638988,56.98295,765
1242,11.48776417,55.55889092,138
1243,10.45328,57.49966,595
1244,10.56492012,56.40935144,952
1245,8.437203,56.53799,1326
1246,12.25712623,55.27710092,312
1247,9.923782,56.0427,1129
1249,9.622316,56.7104,726
125,9.015073,56.20482,1547
1250,11.33151475,54.90244933,376
1251,12.3888,55.33986,307
1252,9.050867,56.75899,929
1253,8.400605,55.44234,1392
1255,10.70774223,54.78342781,1744
1256,8.68346761,55.65054408,1401
1257,11.87581911,54.91975875,1803
1258,11.41920163,55.48155488,212
126,11.87687,55.31183,197
1260,11.65684,55.58597,1603
1261,8.846595,57.02964,1662
1262,9.873933494,57.151377,776
1263,9.3957411,55.96708248,1170
1264,10.25504958,55.59152029,1763
1265,8.886664,55.41678,1377
1267,9.308441,55.70393,1250
1268,10.224148,55.25164246,520
1269,11.61991345,55.6666582,139
127,14.7312,55.17672,330
1270,10.39641,55.30615,482
1272,8.304736,55.78015,1413
1273,8.538703,56.17571,1284
1274,10.37389,55.2819,483
1275,11.70953298,55.60603682,146
1276,8.666197,56.04987,1257
1277,8.602485,55.62296,1393
128,10.5957,55.05852,541
1280,11.92488,54.89742,1801
1281,11.96452297,55.00567225,275
1282,10.08086,56.0374,1086
1284,10.78897,55.31161,1749
1286,10.37275,55.21098,514
1287,10.73157362,56.4761939,951
1288,8.489353546,56.84837674,642
1289,14.77307,55.14637,341
1290,12.19753574,55.0407486,270
1291,10.12837637,56.47716001,1021
1293,11.44371081,55.45987123,219
1294,10.31437507,55.43696764,445
1296,11.81372,55.087,1834
1297,9.685552202,56.33780208,1535
1298,10.50184384,55.33607326,479
1299,9.729314,56.27022,1564
130,12.3517,55.2693,305
1300,8.828527,56.18317,1274
1301,9.958370466,56.97401387,719
1302,11.36658671,55.96664924,150
1303,10.45873048,57.36545544,590
1305,8.280124,55.62804,1407
1306,9.436099365,56.24855841,864
1307,11.19568385,55.21126888,221
1308,11.1879307,55.58373946,119
1309,11.15722,55.16272,231
131,11.38406,54.68834,373
1310,11.58522017,55.60755917,147
1311,8.340986,55.72308,1415
1312,10.03734586,55.50679492,462
1315,12.07987269,55.21153883,281
1317,10.72931,55.12477,494
1318,11.80213014,55.76050478,166
1319,8.933738228,56.33359778,1263
132,10.42981,57.3069,592
1322,9.671662,57.21587,609
1323,14.99183969,55.03167238,336
1324,10.48549,55.28286,556
1325,8.258947293,56.21152576,1288
1326,10.16514,57.2683,584
1327,11.73634839,55.42795514,195
1329,9.495652,56.57992,909
133,12.46328094,55.96782741,1588
1330,11.41724524,55.75158847,1780
1331,10.36429,57.23518,591
1332,8.84142,56.59853,918
1335,10.19475,55.94484,1074
1337,9.231808,56.90342,786
1338,9.95111763,56.51231352,1024
1339,9.75209,56.75566,802
134,9.278487419,56.14599235,1548
1341,9.623653,56.37732,1536
1343,11.8625364,55.05393558,289
1344,8.5367194,56.51760704,1327
1346,8.765417,55.3304,1381
1347,10.47814,55.23969,495
1349,8.247459,56.09057,1286
1350,10.38278,57.32369,585
1351,11.71552,55.28127,323
1352,9.869168635,55.48861607,477
1354,10.56288,55.32224,484
1355,12.10662026,55.24752474,1580
1356,10.68513319,55.09324528,1746
1358,9.932319081,56.73064627,756
1359,10.70546,55.38545,548
136,9.749554138,56.57587218,1016
1360,8.627719,55.55374,1389
1361,10.02608127,57.09559691,1556
1362,11.46731091,55.23494774,238
1363,12.37902006,55.31876387,314
1364,10.48355,55.19854,513
1365,10.203430000000001,55.44183,466
1368,10.50407,56.3803,1050
1369,10.52840637,55.23030592,496
137,10.16997,55.51418,463
1370,9.684181,57.14988,1684
1372,9.501706,56.35076,854
1373,11.63433457,55.71050166,169
1374,9.528489,56.85712,794
1376,9.80955,55.51879,1574
1378,10.60469,55.34663,485
1379,9.71817,56.70814,733
1380,11.64768,54.80126,401
1384,10.55608,55.95658,152
1385,9.822395,56.27947,848
1386,10.33999,55.22203,514
1387,14.8048,55.174,1581
1388,9.697369,57.27171,610
1389,11.08632,54.87604,1721
139,10.1889,57.36557,575
1391,8.950092,56.66739,838
1392,11.69589,55.83711,1779
1393,10.00326405,55.89390661,1158
1394,12.02756892,55.76144616,1794
1395,8.308723578,55.8233008,1311
1396,8.687147,55.30022,1384
1397,9.864749453,55.75887524,1180
1398,8.782267,55.94121,1278
1399,8.187573,56.3058,1336
140,9.922432,55.4224,468
1400,8.889291035,55.83878163,1562
1402,9.613173,55.46069,1224
1403,9.790924,56.41062544,874
1406,8.83414,55.30018,1383
1407,11.17385069,55.36504598,1839
1409,10.04747,55.29,431
141,12.33309455,56.10035667,1718
1410,11.34190362,55.33928983,206
1411,9.488881,56.24426,830
1412,9.975419135,57.31411191,571
1413,8.651822,56.26257,1340
1414,12.12184808,55.88285112,39
1415,9.546118,56.16686,1567
1416,9.554746,56.69577,905
1417,9.002326,56.27018,1552
142,10.25214815,54.93902778,1723
1421,9.48351,55.85699,1172
1422,8.248374,56.55318,1345
1423,9.645770706,56.23719251,832
1424,12.14711,55.34893,265
1425,11.59997,55.25713,246
1426,11.99580776,55.25737045,328
1427,9.247815776,56.55543578,822
1428,10.03585345,56.0310624,1126
143,9.085248,56.06526,1275
144,10.51658,57.33076,588
145,9.626908449,55.99702239,1148
146,8.142476,55.96274,1314
148,9.783699,56.1051,1121
150,9.703201941,55.63837295,1212
151,11.86187,55.59483,105
152,9.566876,55.61442,1215
153,10.20210698,57.54345065,594
156,10.25372,55.48232,464
159,11.65002,55.6831,144
161,9.788328,55.98706,1163
163,10.18063465,55.34922812,449
165,9.841736,56.01272,1160
166,8.5217,55.90707,1307
167,10.51735431,55.31224446,486
169,9.67574,56.41242,1534
17,11.46191,55.58894,138
170,10.28820021,57.58830186,1715
172,11.46152485,55.51682865,131
173,10.06101,56.81388,743
175,8.86906,56.45291,1267
176,9.544613,56.09583,1171
178,8.701783,56.96311,665
179,9.517386135,56.43930494,892
18,11.95986,55.75165,1793
180,9.319456562,56.28732754,1539
181,11.81202411,54.7416189,404
183,10.46366328,56.34011573,1052
184,10.30631,57.33709,589
185,10.59271,54.99411,536
187,9.795735,56.29597,850
188,10.45812984,56.19693539,995
189,8.642738,55.96051,1260
19,9.445376,55.70674,1252
190,8.527296,56.64985,702
191,10.44732837,55.94898407,1094
192,9.984299,55.29904,434
193,10.6773,55.05117,542
195,9.257181887,55.90955631,1237
196,9.542635064,55.93653384,1147
197,12.44942314,56.01858362,1587
198,11.15197,54.76651,386
2,11.68171875,55.48051008,1622
20,10.02557504,57.48273129,1631
200,10.0107549,56.1883315,1054
201,11.90833,54.81344,355
202,8.464612,56.51874,1327
203,8.612241,55.72019,1421
204,11.36792,55.2486,237
205,11.33686591,55.510675,124
207,12.4371,55.93215,34
208,11.50229064,55.81102197,1778
209,8.487787,56.96967,1713
21,9.025384,56.56972,1634
211,11.89216,55.2456,295
212,11.9802,55.35567,198
213,9.949356,57.52929,627
214,11.53892297,55.22780833,241
215,9.724449434,55.93963931,1139
217,9.487107,57.07571,1683
218,9.803059642,57.40497591,623
219,10.1368,56.09599,1092
22,8.500106,55.94407,1258
220,12.19025,55.89247,22
221,11.97215075,55.49608114,49
222,10.06933,56.06731,1124
224,10.84394,54.99711,502
225,9.463486185,57.13124894,636
226,8.277559,56.12267,1285
227,9.777509,55.62036,1198
228,11.25396195,54.92492266,378
229,8.986334,56.46228,819
23,9.924429,56.2988,849
230,10.54089,55.18885,535
231,10.57081,55.80631,151
232,11.75919,55.65852,148
233,10.30088511,56.55035495,1018
234,10.76970381,56.35007388,1698
235,10.70738578,54.80501845,1745
236,10.2827,55.4211,450
238,11.71048674,55.75689734,163
239,10.80867,54.95509,503
24,9.008468886,55.86327856,1562
240,11.68776292,55.69207899,1620
241,10.60176105,55.81413018,153
242,10.18725,57.57756,1715
243,9.925609,55.91242,1156
244,8.710318,56.32026,1280
245,11.80202,55.32945,326
246,9.951309,57.19619,775
248,9.072899663,56.37047079,816
249,10.2432365,55.38969816,451
25,12.15642,56.01424,10
252,10.10943358,57.56509368,628
253,9.049990675,55.93103804,1228
254,10.38728,55.06182,524
255,9.58754148,55.84846118,1238
256,8.322071,56.27292,1332
258,9.556248,55.78286,1231
259,10.66824,55.35472,557
261,10.25924,57.07228,1558
262,10.63592,56.46168,957
263,9.428277741,56.84212838,804
264,10.61002,55.38755,416
265,11.19456,54.93069,1830
266,11.56948784,54.68772698,406
268,10.21249961,55.57066988,1762
269,10.12913,57.06649,781
27,10.09652,55.53669,1767
270,9.3602,56.8341,805
271,9.403236317,55.56628798,1190
272,8.544981,55.54194,1398
273,10.37368,55.08669,1737
274,9.992331515,56.40297662,975
275,9.462584,55.52351,1644
276,15.11252348,55.10810017,347
277,9.856139,57.118,780
278,11.65043,55.2665,252
279,9.365252,56.28944,859
28,10.29599592,54.91257871,1722
280,9.283028,55.42765,1357
281,9.573607,56.52999,893
282,8.171158,56.54666,1349
283,8.580022,57.01234,659
284,9.943683,57.49665,631
285,8.701381702,55.46510252,1359
286,11.78521391,54.66105944,399
288,12.28406,55.34761,316
289,9.823519019,56.72379985,760
29,9.959947,56.16412,1059
290,11.54497224,55.52978242,140
291,10.17503925,56.77433961,757
293,10.16024,55.47653,465
294,9.873536999,57.38044273,576
295,9.138215,55.47642,1374
296,8.261095,56.42299,1318
297,10.3103,55.27119,526
298,9.820797685,57.11015597,780
299,9.448771661,56.74815471,737
3,10.75898899,54.94796852,501
30,12.04684961,55.30313344,283
300,9.550455,55.39099,1226
301,8.784801,55.52113,1364
302,10.71407,55.10772,498
304,11.26254638,55.3624929,1838
305,9.969823889,57.12579591,779
306,9.860379447,57.28263398,574
308,9.128732,55.94412,1228
309,9.339327953,55.93349033,1240
31,10.05968,55.47078,473
310,8.91714025,55.69157343,1405
311,10.56175,55.83645,1731
312,10.36138898,56.29956023,1047
313,9.557413,55.45627,1223
314,11.8828487,55.40889758,192
316,10.18812256,56.75846003,757
317,8.319038,56.76649,707
318,12.02452643,55.54820761,50
319,9.875157,57.47102,626
32,8.290285283,55.65555267,1708
320,9.855715013,56.23459214,1119
321,11.8801517,55.21263857,292
322,12.1360179,55.01707281,269
323,11.58254,55.85235,1786
324,12.12383478,55.72960608,82
325,8.765806,56.19794,1281
326,9.996241858,56.29170088,1102
33,8.140338402,55.55631858,1414
330,11.15551623,54.92205716,1831
331,10.73753657,55.31056095,1748
332,10.19509425,55.21450032,518
334,9.572346,56.37781,877
335,9.499132,56.41697,878
338,11.50319479,55.29433765,248
339,10.2698778,56.24530482,1046
34,8.708127,55.7374,1419
340,10.14845,56.73538,1544
341,10.01533,56.36342,973
342,9.487887,55.5698,1187
343,10.44547,56.48325,1041
345,10.10451,55.37388,1
346,9.698064,56.19327,1117
348,10.31797115,57.50409387,600
349,10.83372,56.47408,954
35,8.791234,56.47734,1266
350,12.17807901,54.89572648,301
351,11.23292,54.80462,382
354,10.74998,55.18684,492
355,9.69632933,56.0135949,1150
356,9.641643,55.74742,1200
358,9.934042,57.34848,579
359,9.570497,56.8853,796
361,11.78138904,54.93037216,1806
362,10.05556,56.93732,715
363,9.847088,55.37855,1771
365,10.41201506,54.88679345,561
366,10.31650594,56.41384873,1040
369,9.749127,56.93733,773
37,9.947459,56.14986,1059
371,10.19142,56.58062,1686
372,11.93834757,54.60182444,1810
373,9.402345056,55.66059059,1220
375,9.596126691,57.05981698,1685
376,9.780963385,55.81602741,1210
379,9.383225328,55.70273902,1244
380,10.67046,55.25503,558
381,10.67858454,56.43867637,957
382,8.797158364,55.85638443,1309
383,12.15079,56.05195,13
384,8.560564,56.2003,1284
385,10.4194,55.51481,440
386,11.38187551,55.47688017,220
387,11.96463,55.0413,276
388,10.05889,55.32942,436
389,10.34185028,56.50020281,1692
390,10.45148,57.29439,592
391,8.174458337,56.49900147,1341
393,9.766215951,55.95485708,1165
394,10.29449,55.56183,1764
395,9.451471043,56.70642162,912
397,10.23873,57.34192,589
398,11.43195,54.80591,1579
399,9.740263,57.165,1684
4,10.31362695,55.19772653,521
40,11.52298356,55.24030338,241
400,9.730646,57.1609,1684
402,9.461240941,55.8165405,1233
403,8.59581,55.87595,1312
404,11.78272921,55.69571512,148
405,10.80975783,56.42833045,1703
406,9.425525,55.58716,1192
407,10.1522,55.97487,1073
408,10.47074711,55.07201696,544
409,8.643186,55.48656,1395
41,10.04834,55.36306,429
410,9.562085,55.88692,1174
411,9.490594,56.69435,912
412,10.86357,56.34865,1636
413,10.3336,55.07866,1738
414,10.8375039,56.37820037,1700
415,8.89711,55.97863,1277
417,9.957145,55.32417,424
418,9.744538,56.81832,774
419,8.665809,55.57157,1402
42,9.794568501,56.21257346,1116
420,9.510378,56.8044,806
422,11.92115541,55.17214164,273
423,9.205115235,55.74305246,1249
425,9.6412,55.9437,1141
426,10.46469,55.40279,487
427,8.509300184,56.12849729,1282
428,9.950275047,57.26779,562
429,10.01720583,57.34969562,577
430,11.73180921,55.4558549,184
431,10.41442473,54.84118457,1843
434,11.61736627,55.39524918,181
435,10.25199386,55.22920518,523
436,14.91834,55.07031,339
437,11.84788546,55.37990789,196
438,8.75906,56.60021,916
44,10.27622182,56.36245933,1037
440,9.670702,57.1979,609
441,15.05343,55.14954,350
442,9.926161,55.2988,424
443,9.885496368,56.02938321,1130
444,11.45805014,55.72149365,1789
445,12.13853645,55.69270246,90
446,9.027806,55.4824,1368
447,9.68228591,55.54466829,1194
448,9.5241,57.0995,636
449,9.610801,55.97153,1143
45,8.35892,56.33575,1305
450,11.44510973,55.75191892,1785
451,11.6660694,54.70703309,387
452,10.24859,55.32884,441
453,10.36878,55.17525,508
454,9.98422,56.06062,1131
455,8.729756584,56.40957887,1300
459,9.350212613,56.96326201,790
460,9.162226,55.58483,1351
461,9.952646,55.46092,474
462,11.78795995,55.58956786,0
463,8.332988611,55.6079748,1407
465,8.767381,56.44657,1264
47,12.3175388,55.00430963,1601
470,9.984150729,56.86988068,738
471,12.25610749,55.58467425,91
472,15.05510308,55.02305988,337
473,10.06850699,55.93313153,1070
474,8.309042,56.41282,1323
475,10.41877,54.96929,532
476,9.506283828,56.49998888,891
478,10.09219,56.10464,1088
48,10.23462,57.28395,587
480,11.42382011,55.23649572,239
481,12.15280191,55.58138559,99
483,10.10991962,55.10343434,515
484,8.201144,56.43725,1316
485,9.808046429,55.31384839,420
487,9.903366,55.49075,467
488,11.94700397,55.12668028,1599
489,9.626770537,55.78625707,1243
49,8.345627,56.54425,1325
490,14.82419242,55.10618919,344
492,11.17171,55.87885,159
493,8.635899,56.09188,1546
494,10.11133661,55.41979513,453
495,9.896754734,56.41677596,869
496,9.249080021,55.69371854,1251
498,9.286140815,57.0883452,711
499,11.43772186,55.41847756,213
5,10.19705,57.47574,625
50,9.89026,56.83451,747
500,10.37832,55.35542,443
501,11.39513195,55.27406458,228
502,10.01834823,56.92437096,715
503,10.3106949,55.45340049,437
504,8.855909,56.79617,691
505,12.23198,54.94656,1797
506,8.959570979,56.59523543,835
507,9.848128,56.54378,998
508,11.20126,54.76037,1816
509,8.648811,55.42409,1360
51,11.37828244,55.33708321,233
511,9.422272645,56.33488947,863
512,10.29436581,55.10730573,509
515,8.468778898,56.7170423,698
517,9.350583375,55.40859394,1227
518,9.75363,56.31161,851
519,10.03670923,55.21295491,421
520,12.09678628,55.31389109,283
521,9.860959,57.00543,763
522,11.64177256,55.51484751,174
523,8.952655,56.74382,823
524,9.126789,56.70391,928
525,10.0649212,55.85646334,1064
526,14.96454,55.16494,349
527,11.83169054,55.6398941,107
528,10.3633,55.30923,482
529,11.56771,55.48975,176
53,10.55425044,56.25786085,988
531,10.67463,56.19639,990
532,9.559777,56.21959,829
535,11.34561,55.2843,222
536,10.21586542,55.12962162,522
537,9.840193369,55.8974243,1152
539,11.2251,55.31323,205
54,9.807889,55.79074,1205
540,9.349817946,56.1371645,1538
541,11.58527219,55.22349843,250
543,9.979639,55.26172,426
545,12.17695328,55.93716531,36
546,9.837062079,57.06651543,1681
547,9.311766039,55.61750806,1217
549,12.08159621,55.48890581,51
55,8.602870018,56.31550695,1333
550,8.983033196,56.01368514,1268
551,12.25958,56.01562,1594
552,8.784448,56.52276,1261
554,9.661209,55.60241,1213
555,12.254,55.39061,262
556,9.837918,56.88499,6
557,10.31968,56.31628,1047
558,11.79767,55.12138,1834
559,9.821147775,55.96246826,1157
56,10.51336,55.13367,539
560,10.63177,55.3138,547
562,11.60228,55.90882,1792
563,8.413328,56.55786,1326
564,9.910185537,57.34525236,564
569,10.27937638,55.75938978,1134
57,9.868564,57.31995,572
570,8.724971966,55.52428696,1364
571,10.03938,56.08191,1127
572,9.98028441,55.96226075,1161
573,9.235838229,55.48156942,1350
574,9.982987,55.24111,432
575,10.483,55.30709,486
577,10.09847282,56.26917292,1105
578,11.42964,55.65521,164
579,10.04730427,56.34731021,966
580,10.74262743,56.36767537,1698
581,9.377759,56.57538,903
582,10.13965592,56.36403176,972
583,11.3947,55.31231,223
584,9.479507,55.39624,1225
585,12.03095,55.08478,266
586,10.08834,56.23685,1108
588,11.49596288,54.6716404,1814
589,8.773556022,56.82553177,673
59,15.0598525,55.04344034,334
591,10.21851,56.29053,1053
592,11.21109892,55.61769189,120
593,11.2655165,55.71269747,1775
594,10.41045,55.20075,510
595,11.93594743,55.38529613,203
596,11.97872,55.16423,273
597,9.5697120000000009,56.29254,856
598,8.356274666,56.52075388,1317
599,10.19927,55.28989,452
6,8.852538,56.21429,1276
60,11.27594,55.22407,1835
600,10.14902106,55.15421768,517
602,12.16800912,54.91716692,301
603,10.7179003,56.40064148,1695
604,10.42638,56.45718,1027
606,9.843024488,56.21717303,1119
608,8.595857732,55.99071826,1255
61,11.33687,55.37215,217
610,8.751625,55.70362,1418
613,11.14709452,55.64468079,116
614,11.42101,54.94875,367
617,9.432013,56.66503,896
618,11.52994117,54.97051221,368
619,10.58305372,55.30657753,484
62,10.65473,55.55527,1754
620,9.892840632,56.95350957,713
621,9.860374826,56.76779465,758
622,11.90680454,55.76050272,15
623,10.43217129,55.238467,511
624,9.031014,55.81246,1562
626,8.742648,56.17921,1337
627,8.503337637,56.05689782,1256
629,8.140192,56.47623,1344
63,9.262970925,56.00555598,1166
630,8.819676542,56.07269012,1553
631,11.65381,55.42928,171
632,8.311878,56.05443,1290
633,9.625295,57.12258,1682
634,8.241267,56.26611,1335
636,8.789128,56.88776,674
637,10.53244,57.43599,1602
639,10.2686007,56.75348283,5
64,9.562638336,55.60649317,1215
640,10.28196,57.24808,587
641,10.06765,55.24518,422
642,9.664744408,55.87017931,1135
645,10.1318,55.37966,453
646,11.69553,55.25247,1625
648,10.74056301,55.23703938,549
65,9.902142,57.39311,570
650,9.285989,56.72661,736
651,8.522314,56.46361,1295
654,10.50525,55.37015,1627
655,8.571934,55.67463,1422
656,10.18463,56.00468,1072
657,9.250074,56.3416,855
659,11.75778536,54.70292951,394
66,8.5256,56.89281,646
660,8.421301507,56.75014673,701
661,9.746693,56.68778,753
666,11.80001545,54.89656245,1804
67,8.898008,56.13279,1553
670,12.082867,55.3890736,261
671,10.02773908,57.5493801,615
672,12.32956,55.28952,304
674,11.99794,55.45311,253
675,11.22899997,55.57948942,118
676,8.613275,56.35879,1299
678,9.019044,56.8264,8
679,11.38609,54.7246,1815
681,11.85638,54.85475,352
683,11.49339707,55.66335525,168
685,9.9134620000000009,55.37078,433
686,9.340287743,56.76746221,727
687,9.706347766,55.63914119,1212
688,9.75715,57.28629,611
689,8.740088136,55.5863016,1388
69,11.27388,55.30193,205
690,11.43402121,55.80560069,1782
694,15.05113,55.12703,350
695,12.0980959,55.57374911,52
697,10.1035,55.4789,460
698,9.795258576,55.7117049,1183
699,10.12795,55.25936,427
7,9.459371,56.20851,831
70,10.90416001,55.08891969,1590
700,8.996894,56.7026,825
701,10.17556,57.05845,7
702,10.00445073,55.92710325,1151
703,9.822143003,56.56960959,1000
704,9.339197,56.69024,897
705,9.858448606,55.94465433,1159
707,9.869721,55.45746,476
71,8.69897943,56.85493445,679
711,9.191329,55.52397,1352
713,11.4389788,55.32340716,225
714,9.446190441,56.39629496,873
715,9.436838,56.39851,873
716,10.58055572,55.21538508,489
717,9.233427,55.84444,1229
718,11.51350164,55.81950765,1778
719,9.34386218,55.81878527,1230
72,9.640782792,55.77590208,1243
720,10.09391227,56.20750459,1096
721,9.963981,55.41183,472
722,10.12797,56.58772,982
723,9.738386,56.22687,1113
724,10.83686,56.49885,946
725,10.02359,55.98949,1076
726,9.70871,57.0665,1679
727,8.801635,55.47081,1361
728,8.557521,55.74746,1420
729,11.22641,55.53944,126
73,12.19052346,55.53580481,100
731,8.830053,55.54868,1366
732,10.00652,55.80756,1727
733,9.315251257,56.03238241,1166
734,12.02511,55.96953,35
736,11.7523566,55.31341769,321
737,10.12517,56.32423,976
739,11.29274436,55.25066018,232
740,9.477200888,55.45481574,1646
742,8.543297,56.61215,705
744,9.154296905,56.14403207,1273
747,8.806534372,56.3905209,1293
75,10.80353801,56.31698243,964
750,8.688284794,56.70377507,697
751,9.62937,56.2281,832
752,10.16637191,55.10901778,515
753,9.280888844,55.77579219,1245
754,9.747178942,56.45197044,872
755,12.2818,56.06831,1717
756,9.432118,55.60298,1192
757,8.740924,55.39887,1365
758,10.87374776,56.41521155,1637
759,11.55248425,55.79944164,1783
760,10.23498,55.56395,1762
762,9.365686,56.35784,862
763,11.76434,54.77001,404
765,10.55195666,56.2532434,988
766,10.67217,55.15508,490
767,11.38167,55.43274,207
768,10.06573129,56.67684535,1006
770,8.848954,56.01317,1269
771,10.14851,55.53807,459
772,11.74115,54.86869,1808
774,10.40752246,55.09250991,1737
775,10.18284,55.89111,1068
776,10.4344,57.40237,597
777,8.612546,55.76341,1421
778,10.11346,56.72164,1544
78,11.43969,55.35958,235
780,10.11014693,56.55503735,1001
781,9.19815,56.59856,821
782,10.03714,56.27906,1098
783,11.39979774,55.47141182,220
784,10.11391856,57.23593202,582
785,10.01784,55.13684,1735
786,10.30762,56.99772,777
787,11.93576177,55.98132481,40
788,11.77275169,55.25329709,245
79,10.09348,55.56725,1766
790,10.09203429,57.47965386,616
791,9.988392887,56.76921735,752
793,9.584867,57.1095,1682
794,9.956099361,55.80385214,1182
795,11.86639811,55.14068263,287
796,8.589929,56.485,1561
797,14.74663583,55.2116732,332
798,9.748189,56.50021,930
799,9.063496,56.13258,1271
8,11.81831813,55.28498547,319
80,9.902071822,56.60179393,1005
800,8.37269,55.84993,1308
801,9.672685848,56.65134744,1014
802,8.502833375,56.01801113,1256
803,8.970692,57.03585,1655
804,8.674339749,57.09014631,656
805,11.77097949,55.49091172,187
806,8.169169,56.61496,1668
807,9.985020814,57.39035585,566
808,11.37760599,55.36741463,218
809,11.96336,55.32625,188
81,11.1510907,55.69211491,1776
810,10.37932,56.42973,1025
812,10.72772485,55.35322896,3
813,10.03152367,56.41556647,969
814,10.44015,55.54754,1759
815,11.94581,55.10411,1597
816,9.760025,55.85417,1201
817,11.53647172,55.44429069,179
818,8.809676979,56.12080293,1553
819,10.1227,55.22237,1747
82,9.762248081,55.77878006,1209
820,9.938983,56.09199,1128
821,12.41881,56.06117,1587
822,10.25873813,55.02973909,507
824,10.19307805,56.65364318,983
825,11.31036973,55.4480069,128
827,12.1907,55.64863,80
828,10.393,55.23391,525
829,9.699853487,55.77000756,1202
83,9.229683,56.47785,815
835,10.51596,56.13758,1726
836,10.51402985,57.24401366,581
837,9.006372,55.69035,1405
839,9.116028,56.54856,1704
84,9.795218829,55.43230529,1768
840,12.26428903,55.3274885,306
842,12.17687703,55.2477452,1580
843,8.365087369,56.72056046,699
845,8.267538,55.73501,1706
847,12.15127,55.42622,256
849,10.62925558,55.27844067,551
850,11.60139,55.7999,1783
852,8.615069,56.16746,1284
854,10.04893527,57.37167467,577
856,9.362307,55.44634,1353
858,8.727435,57.01029,1661
859,9.51632,56.27546,857
86,9.559747412,56.76493869,725
860,10.14768,57.16627,593
861,10.07697,55.82652,1177
862,9.968476,57.46273,624
863,8.91159,55.45358,1369
864,8.613572,55.79231,1423
865,11.40743,55.69892,162
866,8.644582818,56.43876602,1298
87,11.7325232,55.68668454,135
870,12.02411723,54.7858751,361
871,12.16401975,55.82604381,24
872,9.421975,56.79974,799
874,9.859700358,57.43211566,620
875,8.651319573,55.69840775,1419
876,8.856625,56.31342,1263
877,8.221018577,55.54976837,1408
878,12.4535,54.994,299
88,11.71088401,55.54386574,1604
881,9.317322014,56.19590497,1537
882,8.500261,55.94403,1258
883,10.20636,57.03299,7
884,10.52557471,55.05576685,533
886,8.57796,56.4069,1303
887,10.27308,55.36118,442
888,8.916992987,55.50934762,1370
889,12.05585,54.82434,359
89,8.214577,56.19788,1669
891,10.00046,57.56329,619
892,8.532629,55.72539,1420
893,11.98279,55.80824,16
894,8.651722,56.36866,1299
896,11.9937,54.80422,360
897,10.08678886,57.10385793,778
898,10.06984779,57.13111064,778
899,9.800521385,56.17373681,1112
9,8.589816,56.95262,1712
90,12.04754341,54.92462656,298
902,9.793255548,56.64390404,1641
904,10.91554317,55.13374321,1589
905,10.36655,57.059,1558
906,8.939319,55.60453,1371
908,8.222478173,56.55851596,1345
91,8.811062,55.65052,1400
910,10.01694328,57.52179296,617
912,8.8660764,56.92698265,677
915,10.68545414,54.82385074,1741
916,14.84587,55.22938,331
917,10.10638301,56.03400331,1086
918,8.547245,56.53958,1321
919,8.491148,56.92601,1709
920,8.720507,55.43618,1362
921,10.58086,55.40971,413
922,9.616358978,57.24847316,607
924,9.76836,56.36608,846
925,9.930325,55.99496,1153
926,10.7721957,56.26452106,963
927,10.24256,55.19756,527
929,9.506179,55.65618,1218
93,10.28424,56.4464,1690
930,11.29346972,55.63443627,154
933,11.60595657,55.91091093,1792
934,10.43765,55.32686,481
936,10.53318931,55.13909312,537
937,10.50652515,56.47838276,1035
939,8.703429,56.09995,1546
941,8.398487,56.05418,1287
942,9.970839738,55.49561443,469
943,9.367203,55.51333,1355
945,12.03667848,55.59157194,81
946,11.29012,55.51121,124
947,10.38824621,56.51475842,1692
948,10.11502052,56.67396844,987
949,11.97070055,55.37350747,198
95,11.79069997,55.56854907,136
950,9.894174283,57.31175578,572
951,9.97922699,56.69504855,754
952,12.22819,55.35254,258
954,9.540013,56.97958,789
955,10.23808742,56.66105842,1651
956,10.18936,55.17247,517
957,11.97851,54.74261,1811
958,9.711997,57.31269,608
959,9.991310293,55.7491622,1728
96,9.8203216780000009,56.36947246,852
960,9.205086,56.09572,1273
961,8.61686112,56.64781784,703
962,8.372977,55.62405,1707
963,9.915566456,57.28194854,574
964,9.900667,55.7262,1175
967,8.716684823,56.83646873,683
968,9.420726,55.75447,1247
97,11.63138042,55.55398675,180
971,8.785326,55.41674,1363
973,10.15475,55.20025,518
974,9.311959,55.55861,1354
975,9.612057,55.87177,1136
976,10.42303,56.31659,1049
977,8.165073,56.11354,1671
978,12.12659,55.09996,268
979,10.23054,56.96687,718
98,11.09039,55.68737,1773
980,11.86638,55.51462,190
981,10.02491,55.44106,471
982,10.05784,56.60826,984
984,14.79908,55.27355,1583
986,12.20163,55.76927,46
987,11.84551,55.24361,288
988,10.03602,56.46041,1643
989,11.66834,54.85802,405
99,11.31997,55.47795,132
992,12.08067,55.63082,1619
993,8.993487,57.08673,1654
994,10.34674,55.53135,438
995,8.565082,56.75147,687
996,12.19769,55.30323,279
997,11.05646,55.70264,1774
998,14.91588,55.03469,338
999,10.1995,55.31425,449
NEW 45,12.21755,55.92484,1591
NEW10,11.32735,54.83389,1833
NEW100,12.39941,55.6636,63
NEW101,12.55856,55.67347,1613
NEW102,12.5157,55.71079,1612
NEW103,12.12413,55.54526,92
NEW104,12.40959,55.69684,63
NEW105,12.56709,55.75804,74
NEW106,12.21689,55.71286,84
NEW107,12.54902,55.67253,1613
NEW108,10.56786,55.21418,489
NEW109,12.57401,55.69666,1614
NEW11,11.49439,54.89783,1832
NEW110,12.53623,55.68176,1613
NEW111,12.54566,55.69332,1614
NEW112,12.53253,55.70393,1612
NEW113,12.5438,55.67087,1613
NEW114,10.46612,55.0068,532
NEW115,12.53864,55.66805,1613
NEW116,12.19614,55.65148,80
NEW117,12.53221,55.83663,79
NEW118,12.55572,55.68603,1614
NEW119,12.55811,55.68974,1614
NEW12,11.21511,54.82897,1827
NEW120,10.61158,54.90331,540
NEW121,12.53041,55.68278,1613
NEW122,12.55791,55.67381,1613
NEW123,12.18549,55.46082,1606
NEW124,10.7095,54.76314,1744
NEW125,12.5835,55.69328,1614
NEW126,12.09565,55.84595,1795
NEW127,12.54023,55.70011,1614
NEW128,12.50541,55.76929,77
NEW129,12.51385,55.66411,1611
NEW13,11.71182,54.73421,388
NEW130,12.56456,55.69108,1614
NEW131,12.52358,55.69861,1612
NEW132,12.39477,55.71958,60
NEW133,12.40228,55.7184,60
NEW134,12.55916,55.69014,1614
NEW135,12.36349,55.73166,60
NEW136,12.53818,55.75354,74
NEW137,12.53224,55.67769,1613
NEW138,12.60929,55.65599,1610
NEW139,12.5483,55.68747,1614
NEW14,11.88231,54.85551,352
NEW140,12.07253,55.64014,1617
NEW141,12.08042,55.64149,1617
NEW142,12.51502,55.66475,1611
NEW143,12.57186,55.6901,1614
NEW144,12.5474,55.67427,1613
NEW145,12.5542,55.66594,1613
NEW146,10.60392,55.12865,543
NEW147,12.52285,55.67994,1613
NEW148,10.48447,55.17136,513
NEW149,12.57013,55.68457,1614
NEW15,11.89401,54.63888,1812
NEW150,10.24282,55.09709,1576
NEW151,10.24282,55.09709,1576
NEW152,10.70416,55.20823,497
NEW153,10.60855,55.06389,541
NEW154,10.73171,55.16803,491
NEW155,10.70071,54.80274,1745
NEW156,10.60855,55.06389,541
NEW157,10.24282,55.09709,1576
NEW158,10.37312,55.20701,514
NEW159,10.6126,55.05451,541
NEW16,11.09859,54.80972,1828
NEW160,12.51434,55.66629,1613
NEW161,10.61255,55.05448,541
NEW162,10.61379,55.06501,541
NEW163,12.30257,55.64907,1585
NEW164,12.56127,55.68986,1614
NEW165,12.52085,55.68231,1613
NEW166,9.895969,55.27123,418
NEW167,12.51087,55.66602,1611
NEW168,12.53608,55.67059,1613
NEW169,12.54201,55.80863,79
NEW17,11.45261,54.7145,371
NEW170,12.58014,55.69737,1614
NEW171,12.56455,55.68197,1614
NEW172,12.54887,55.70005,1614
NEW173,12.58343,55.70271,1614
NEW174,10.41756,55.39331,1629
NEW175,11.36586,55.70739,1784
NEW176,11.35171,55.72646,156
NEW178,11.11005,55.67269,1773
NEW179,11.20396,55.515,1840
NEW180,10.67671,55.49663,417
NEW181,10.37486,55.39449,1628
NEW182,11.29284,55.78243,156
NEW183,11.58634,55.53814,140
NEW184,10.40245,55.40366,1626
NEW185,10.05098,55.38106,429
NEW186,10.394,55.39445,1626
NEW187,10.39478,55.36603,443
NEW188,10.10078,55.28167,431
NEW189,10.65501,55.45044,1752
NEW19,11.32624,54.87952,376
NEW190,10.59275,55.36215,485
NEW191,10.53056,55.4045,414
NEW192,9.731134,55.50439,1578
NEW193,10.39663,55.51418,440
NEW194,10.38161,55.39425,1626
NEW195,9.755979,55.48268,475
NEW196,9.965791,55.24446,426
NEW198,9.533016,55.71244,1239
NEW199,11.14112,55.88654,159
NEW2,11.0747,54.7737,1828
NEW20,11.82124,54.8679,1807
NEW200,11.60509,55.87904,149
NEW201,11.14036,55.88305,159
NEW202,11.18698,55.67931,1777
NEW203,9.472198,55.48606,1648
NEW204,10.59148,55.83407,1731
NEW205,9.757809,55.56556,1195
NEW206,9.417669,55.86053,1242
NEW207,11.49699,55.53364,145
NEW208,11.48245,55.55942,138
NEW209,11.20644,55.673,1777
NEW21,11.15518,54.87243,377
NEW210,11.68728,55.56745,1604
NEW211,11.5725,55.89523,1792
NEW212,11.46776,55.78747,1785
NEW213,11.31596,55.59587,1584
NEW214,11.71378,55.71721,1621
NEW215,11.70032,55.7183,1621
NEW216,11.40453,55.66057,164
NEW217,11.08522,55.68162,1773
NEW218,11.38008,55.51019,133
NEW219,11.07728,55.65426,121
NEW22,11.50543,54.7758,395
NEW220,11.49937,55.65395,161
NEW221,11.58688,55.6028,147
NEW222,11.11085,55.52208,1840
NEW223,11.40598,55.61038,157
NEW224,11.75634,55.94445,1791
NEW225,11.37476,55.54107,130
NEW226,11.391540000000001,55.71333,1784
NEW227,11.774,55.6111,146
NEW228,11.37007,55.59536,1584
NEW229,11.58462,55.8511,1786
NEW23,11.09313,54.8574,1720
NEW230,11.63432,55.66155,139
NEW231,11.44865,55.53592,131
NEW232,11.71871,55.50453,182
NEW233,11.93741,55.45644,255
NEW234,11.35654,55.45637,220
NEW235,11.66339,55.29067,243
NEW236,11.61328,55.19959,247
NEW237,11.74463,55.23394,1624
NEW238,11.95799,55.32977,188
NEW239,11.4203,55.2931,228
NEW24,11.38473,54.70926,1815
NEW240,11.79471,55.44499,193
NEW241,11.56778,55.41959,179
NEW242,9.532228,55.70911,1239
NEW243,9.756571,55.56629,1195
NEW244,9.634503,55.82273,1243
NEW245,9.471781,55.811279999999996,1233
NEW246,9.534497,55.70871,1239
NEW247,9.529299,55.83767,1234
NEW248,9.468753,55.49324,1648
NEW249,9.752065,55.89646,1138
NEW25,11.87099,54.76461,1809
NEW250,10.06961,55.89717,1070
NEW251,10.14426,56.29864,1107
NEW252,9.377496,55.50342,1645
NEW253,11.1384,55.3283,1837
NEW254,11.34723,55.40468,216
NEW255,11.13484,55.34036,1837
NEW256,11.34975,55.40501,216
NEW257,11.79062,55.44252,193
NEW258,11.5188,55.26308,229
NEW259,11.34975,55.40501,216
NEW26,11.87047,54.76596,1809
NEW261,11.34975,55.40501,216
NEW262,11.35647,55.40142,216
NEW264,11.5598,55.43425,179
NEW265,11.65383,55.3417,318
NEW266,10.12868,55.90887,1066
NEW267,9.952414,56.0496,1129
NEW269,12.11072,55.24899,1580
NEW27,11.87099,54.76461,1809
NEW270,12.07358,55.10768,272
NEW271,12.45816,54.98043,299
NEW272,12.11297,55.25529,1580
NEW273,10.16474,56.13034,1570
NEW274,11.74762,55.24549,245
NEW275,11.89911,54.99842,275
NEW276,11.76111,55.22708,1624
NEW277,9.824697,55.86486,1729
NEW278,10.21086,56.15858,1569
NEW279,9.863527,56.25593,1114
NEW28,11.63713,54.79846,401
NEW280,10.22353,55.9168,1069
NEW281,10.19506,56.14581,1570
NEW282,10.06317,56.264,1105
NEW283,9.848025,55.8582,1729
NEW284,9.847329,55.86575,1729
NEW285,9.961171,55.9475,1164
NEW286,10.12531,55.96505,1073
NEW287,9.551625,56.17098,1567
NEW288,9.930692,56.18626,1057
NEW289,10.20711,56.10629,1571
NEW29,12.04507,54.89073,1799
NEW290,9.250897,56.02358,1166
NEW291,8.972475,56.13742,1272
NEW292,8.490555,56.33115,1331
NEW294,8.179954,56.61646,1668
NEW296,8.490147,55.8027,1310
NEW298,11.87641,55.0182,289
NEW299,12.01434,55.14255,1598
NEW3,12.25995,55.78747,43
NEW30,11.50138,54.77847,395
NEW300,12.28527,54.98681,1601
NEW301,12.38722,55.30879,313
NEW302,11.87041,55.06777,294
NEW303,11.91261,55.01028,275
NEW304,8.846655,55.89102,1278
NEW305,12.03708,55.12044,271
NEW306,12.20826,54.94083,1797
NEW307,8.373084,55.96341,1675
NEW308,12.11469,54.98441,269
NEW309,14.70714,55.10051,343
NEW31,10.87508,55.02767,500
NEW313,8.922479,56.16362,1279
NEW314,8.74215,55.99057,1257
NEW315,8.223947,56.52258,1341
NEW316,8.969841,56.1366,1272
NEW317,9.089707,56.23743,1547
NEW318,8.30509,56.54914,A114160
NEW319,8.934463,56.5343,1262
NEW32,11.36276,55.03328,367
NEW320,8.58976,56.48475,1561
NEW321,8.617133,56.35543,1299
NEW322,8.418533,55.5888,1385
NEW324,8.464594,55.52533,1386
NEW325,8.779194,55.45532,1361
NEW326,8.450943,55.46711,1387
NEW327,8.534628,55.27512,1378
NEW328,8.471037,55.34841,1396
NEW329,8.479298,55.623,1416
NEW33,11.87676,54.76264,1809
NEW330,15.13428,55.0649,335
NEW331,14.70714,55.10051,343
NEW332,9.835835,56.45348,943
NEW333,10.00157,56.55121,1004
NEW335,10.67215,56.33543,1702
NEW336,10.03396,56.46127,1642
NEW338,10.30393,56.62384,986
NEW339,10.74479,56.3107,964
NEW34,11.62011,54.6965,409
NEW340,9.797736,56.63919,1639
NEW341,10.33479,56.46435,1039
NEW342,10.64465,56.38851,1697
NEW343,10.53574,56.2891,992
NEW344,9.499573,56.58036,909
NEW345,10.82244,56.50554,946
NEW346,10.88488,56.41461,1637
NEW347,10.04758,56.32999,1097
NEW348,10.48404,56.21292,993
NEW349,10.03547,56.4609,1643
NEW35,12.08603,54.84912,1800
NEW350,10.09779,56.4508,1030
NEW351,10.30668,56.26478,1051
NEW352,10.70955,56.2398,989
NEW353,10.04628,56.45212,1643
NEW354,10.49343,56.24207,994
NEW355,9.048542,55.48495,1373
NEW356,8.459453,55.47636,1387
NEW357,8.455122,55.46572,1387
NEW358,9.919246,57.0596,1551
NEW359,8.179255,55.64138,1708
NEW360,8.841995,55.69869,1418
NEW361,8.563318,55.46362,1397
NEW362,9.98535,57.17726,779
NEW363,8.481879,55.62305,1416
NEW364,9.344279,56.62723,908
NEW365,10.10196,56.96765,714
NEW366,9.472606,56.6545,899
NEW367,9.34245,56.17209,1537
NEW368,9.132034,56.43562,807
NEW369,9.512472,56.66278,899
NEW37,10.33768,55.26093,506
NEW370,9.401992,56.45184,894
NEW371,10.21444,57.08665,7
NEW374,9.936508,57.06036,1551
NEW376,10.03206,56.99851,720
NEW377,10.02908,56.96627,717
NEW378,9.948864,57.16585,779
NEW379,9.84744,56.97238,768
NEW38,10.29736,54.90426,1722
NEW380,10.27101,56.80532,5
NEW381,10.10338,56.9414,714
NEW382,9.283443,56.44643,889
NEW384,9.165563,56.30588,860
NEW385,9.014957,56.67146,923
NEW386,9.83604,56.50186,935
NEW387,10.95116,57.2725,614
NEW389,9.978455,57.00997,1540
NEW39,10.88237,55.03924,500
NEW390,9.921849,57.05017,1551
NEW391,9.927385,57.04531,1551
NEW392,9.510378,56.8044,806
NEW393,9.921849,57.05017,1551
NEW394,9.921841,57.06087,1551
NEW395,9.920827,57.04959,1551
NEW396,9.924278,57.04524,1551
NEW397,10.10743,56.98523,721
NEW398,9.465524,56.98317,782
NEW399,9.923688,57.04767,1551
NEW4,11.9253,54.7842,363
NEW40,10.5943,54.97069,530
NEW400,9.921849,57.05017,1551
NEW401,10.1006,56.96336,714
NEW402,9.677875,56.78493,800
NEW403,9.921849,57.05017,1551
NEW404,10.08679,57.10386,778
NEW405,9.203315,56.70274,732
NEW406,9.925751,57.11462,1555
NEW407,10.05389,57.01181,720
NEW408,10.10406,56.7746,748
NEW409,10.12901,57.12085,778
NEW41,12.05865,55.83871,1795
NEW410,9.923162,57.04345,1551
NEW411,9.256882,56.96308,1549
NEW412,10.36365,57.10527,1558
NEW413,9.639003,56.98252,765
NEW414,10.12711,56.90816,744
NEW415,9.925145,57.06122,1557
NEW416,9.773308,57.00264,769
NEW417,9.88744,57.00623,1533
NEW418,9.96268,57.15827,779
NEW419,9.921849,57.05017,1551
NEW42,12.30855,56.12357,1718
NEW420,9.471995,56.74842,737
NEW421,9.937261,57.14188,779
NEW422,9.949725,57.04142,1551
NEW423,9.285369,56.90361,792
NEW424,9.350408,56.92623,793
NEW425,9.263468,56.85914,1632
NEW426,10.15177,56.74388,1544
NEW427,10.01105,57.04382,1554
NEW428,8.406744,56.8086,637
NEW429,8.484829,56.81753,649
NEW43,12.4621,55.88155,1609
NEW430,10.28702,57.31197,587
NEW431,10.2017,57.47299,625
NEW432,10.27748,57.12695,1559
NEW433,10.30907,57.48484,604
NEW434,10.23101,57.18535,1559
NEW435,10.26919,57.36446,589
NEW436,10.35353,57.38509,599
NEW437,10.33195,57.43517,603
NEW438,10.57886,57.72499,601
NEW439,10.07732,57.36008,577
NEW44,11.92262,55.95407,40
NEW440,10.42911,57.44906,605
NEW441,9.816928,57.28458,573
NEW442,10.08222,57.4284,629
NEW443,11.00154,57.25467,612
NEW444,9.924831,57.45554,624
NEW445,9.833752,57.42057,620
NEW446,10.46452,57.66088,602
NEW447,9.978978,57.46168,624
NEW448,9.923488,57.40521,569
NEW449,10.34858,57.58446,1714
NEW450,10.42998,57.20621,581
NEW451,10.5207,57.4427,1602
NEW452,10.12691,57.45406,616
NEW453,10.360900000000001,57.27547,591
NEW454,8.851918,56.7943,691
NEW455,10.28915,57.15833,1559
NEW456,10.28721,57.225,591
NEW457,9.798983,57.36898,563
NEW458,9.840022,57.36392,563
NEW459,10.04626,57.42077,566
NEW46,12.61245,56.03563,33
NEW460,10.16399,57.37417,575
NEW461,9.971475,57.41632,566
NEW462,9.996595,57.24888,580
NEW463,10.28915,57.15833,1559
NEW464,10.11098,57.38719,575
NEW465,8.488071,56.96957,1713
NEW466,8.692124,56.95521,665
NEW467,9.264147,57.08915,711
NEW468,10.38553,57.42656,605
NEW469,10.14773,57.16628,593
NEW47,12.30231,55.92905,1592
NEW470,10.40411,57.14907,1559
NEW472,10.09183,57.2882,567
NEW473,9.993846,57.20524,580
NEW474,10.15374,57.2146,583
NEW475,10.3697,57.35803,586
NEW476,10.03853,57.2235,580
NEW477,11.75695,55.29672,323
NEW478,10.38172,57.19562,591
NEW48,12.37721,55.81194,42
NEW49,12.56711,55.7553,74
NEW5,11.46023,54.71157,371
NEW50,11.99132,55.85026,16
NEW51,12.4257,55.84857,1609
NEW52,12.60964,56.0333,33
NEW53,12.61149,56.0379,33
NEW54,12.53439,55.97291,1588
NEW55,12.34819,56.05145,1719
NEW56,12.35468,55.86907,25
NEW57,12.31922,55.74975,68
NEW58,12.61308,56.03674,33
NEW59,12.57628,55.7583,74
NEW6,11.93901,55.90723,14
NEW60,12.19699,56.02344,9
NEW61,12.60435,56.03367,33
NEW62,12.30007,55.92743,1592
NEW63,12.01069,55.74166,1794
NEW64,12.17101,55.8449,29
NEW65,11.94129,55.78245,17
NEW66,10.72954,54.92962,1742
NEW67,12.54809,55.9781,1588
NEW69,10.55313,54.97808,530
NEW7,12.43283,55.84267,1609
NEW70,12.11263,55.47557,259
NEW71,11.91489,55.73285,113
NEW72,12.16317,55.71053,86
NEW73,12.30618,55.62272,66
NEW74,12.17412,55.78378,48
NEW75,11.91707,55.68685,110
NEW76,12.32393,55.7849,73
NEW77,12.16514,55.66513,80
NEW78,12.02606,55.54949,50
NEW79,12.24894,55.68383,69
NEW8,12.37289,55.81233,42
NEW80,12.02204,55.56281,57
NEW81,12.13799,55.62359,1618
NEW82,12.60912,55.65836,1610
NEW83,12.60786,55.65788,1610
NEW84,12.54734,55.66635,1613
NEW85,12.49612,55.79255,77
NEW86,12.52771,55.68173,1613
NEW87,12.30482,55.65302,1585
NEW88,12.53012,55.69083,1613
NEW89,12.46858,55.81061,79
NEW9,11.13345,54.83107,1826
NEW90,12.47839,55.62374,61
NEW91,12.53713,55.70469,1612
NEW92,12.48874,55.6725,1611
NEW93,12.55805,55.68348,1614
NEW94,12.54975,55.67375,1613
NEW95,12.54751,55.69538,1614
NEW96,12.56369,55.68975,1614
NEW97,12.53492,55.67762,1613
NEW98,12.5319,55.68808,1613
NEW99,12.5339,55.6765,1613
